Workbook

Sheet ورقة1
A1: اسم الزيت | B1: كود الزيت | C1: الكمية الحالية (غ) | D1: رقم الخزانة | E1: رقم الرف
A2: بلاي جيفينشي - نسائي | B2: 0001-W | C2: =SUMIFS([1]العمليات!G:G, [1]العمليات!B:B, A2, [1]العمليات!C:C, "إدخال") - SUMIFS([1]العمليات!G:G, [1]العمليات!B:B, A2, [1]العمليات!C:C, "إخراج") -> 291 | D2: =IF(A2="","",IFERROR(LOOKUP(2,1/(([1]العمليات!$B$2:$B$1000=A2)*([1]العمليات!$H$2:$H$1000<>"")),[1]العمليات!$H$2:$H$1000),"")) | E2: =IF(A2="","",IFERROR(LOOKUP(2,1/(([1]العمليات!$B$2:$B$1000=A2)*([1]العمليات!$I$2:$I$1000<>"")),[1]العمليات!$I$2:$I$1000),""))
A3: 40عقدة اكس ارجوف -رجالي | B3: 0002-M | C3: =SUMIFS([1]العمليات!G:G, [1]العمليات!B:B, A3, [1]العمليات!C:C, "إدخال") - SUMIFS([1]العمليات!G:G, [1]العمليات!B:B, A3, [1]العمليات!C:C, "إخراج") -> 157 | D3: =IF(A3="","",IFERROR(LOOKUP(2,1/(([1]العمليات!$B$2:$B$1000=A3)*([1]العمليات!$H$2:$H$1000<>"")),[1]العمليات!$H$2:$H$1000),"")) | E3: =IF(A3="","",IFERROR(LOOKUP(2,1/(([1]العمليات!$B$2:$B$1000=A3)*([1]العمليات!$I$2:$I$1000<>"")),[1]العمليات!$I$2:$I$1000),""))
A4: اترنتي كالفين كلاين - رجالي | B4: 0003-M | C4: =SUMIFS([1]العمليات!G:G, [1]العمليات!B:B, A4, [1]العمليات!C:C, "إدخال") - SUMIFS([1]العمليات!G:G, [1]العمليات!B:B, A4, [1]العمليات!C:C, "إخراج") -> 326 | D4: =IF(A4="","",IFERROR(LOOKUP(2,1/(([1]العمليات!$B$2:$B$1000=A4)*([1]العمليات!$H$2:$H$1000<>"")),[1]العمليات!$H$2:$H$1000),"")) | E4: =IF(A4="","",IFERROR(LOOKUP(2,1/(([1]العمليات!$B$2:$B$1000=A4)*([1]العمليات!$I$2:$I$1000<>"")),[1]العمليات!$I$2:$I$1000),""))
A5: اترنتي كالفين كلاين - نسائي | B5: 0004-W | C5: =SUMIFS([1]العمليات!G:G, [1]العمليات!B:B, A5, [1]العمليات!C:C, "إدخال") - SUMIFS([1]العمليات!G:G, [1]العمليات!B:B, A5, [1]العمليات!C:C, "إخراج") -> 629 | D5: =IF(A5="","",IFERROR(LOOKUP(2,1/(([1]العمليات!$B$2:$B$1000=A5)*([1]العمليات!$H$2:$H$1000<>"")),[1]العمليات!$H$2:$H$1000),"")) -> 5 | E5: =IF(A5="","",IFERROR(LOOKUP(2,1/(([1]العمليات!$B$2:$B$1000=A5)*([1]العمليات!$I$2:$I$1000<>"")),[1]العمليات!$I$2:$I$1000),"")) -> 3
A6: ادفينشر دافيدوف - رجالي | B6: 0005-M | C6: =SUMIFS([1]العمليات!G:G, [1]العمليات!B:B, A6, [1]العمليات!C:C, "إدخال") - SUMIFS([1]العمليات!G:G, [1]العمليات!B:B, A6, [1]العمليات!C:C, "إخراج") -> 260 | D6: =IF(A6="","",IFERROR(LOOKUP(2,1/(([1]العمليات!$B$2:$B$1000=A6)*([1]العمليات!$H$2:$H$1000<>"")),[1]العمليات!$H$2:$H$1000),"")) | E6: =IF(A6="","",IFERROR(LOOKUP(2,1/(([1]العمليات!$B$2:$B$1000=A6)*([1]العمليات!$I$2:$I$1000<>"")),[1]العمليات!$I$2:$I$1000),""))
A7: اديكت كريستيان ديور - نسائي | B7: 0006-W | C7: =SUMIFS([1]العمليات!G:G, [1]العمليات!B:B, A7, [1]العمليات!C:C, "إدخال") - SUMIFS([1]العمليات!G:G, [1]العمليات!B:B, A7, [1]العمليات!C:C, "إخراج") -> 278 | D7: =IF(A7="","",IFERROR(LOOKUP(2,1/(([1]العمليات!$B$2:$B$1000=A7)*([1]العمليات!$H$2:$H$1000<>"")),[1]العمليات!$H$2:$H$1000),"")) | E7: =IF(A7="","",IFERROR(LOOKUP(2,1/(([1]العمليات!$B$2:$B$1000=A7)*([1]العمليات!$I$2:$I$1000<>"")),[1]العمليات!$I$2:$I$1000),""))
A8: اراميس 900 - رجالي | B8: 0007-M | C8: =SUMIFS([1]العمليات!G:G, [1]العمليات!B:B, A8, [1]العمليات!C:C, "إدخال") - SUMIFS([1]العمليات!G:G, [1]العمليات!B:B, A8, [1]العمليات!C:C, "إخراج") -> 191 | D8: =IF(A8="","",IFERROR(LOOKUP(2,1/(([1]العمليات!$B$2:$B$1000=A8)*([1]العمليات!$H$2:$H$1000<>"")),[1]العمليات!$H$2:$H$1000),"")) | E8: =IF(A8="","",IFERROR(LOOKUP(2,1/(([1]العمليات!$B$2:$B$1000=A8)*([1]العمليات!$I$2:$I$1000<>"")),[1]العمليات!$I$2:$I$1000),""))
A9: اربابورا سوسبيرو - رجالي | B9: 0008-M | C9: =SUMIFS([1]العمليات!G:G, [1]العمليات!B:B, A9, [1]العمليات!C:C, "إدخال") - SUMIFS([1]العمليات!G:G, [1]العمليات!B:B, A9, [1]العمليات!C:C, "إخراج") -> 1918 | D9: =IF(A9="","",IFERROR(LOOKUP(2,1/(([1]العمليات!$B$2:$B$1000=A9)*([1]العمليات!$H$2:$H$1000<>"")),[1]العمليات!$H$2:$H$1000),"")) -> 3 | E9: =IF(A9="","",IFERROR(LOOKUP(2,1/(([1]العمليات!$B$2:$B$1000=A9)*([1]العمليات!$I$2:$I$1000<>"")),[1]العمليات!$I$2:$I$1000),"")) -> 2
A10: اربيان تونكا مونتال - للجنسين | B10: 0009-U | C10: =SUMIFS([1]العمليات!G:G, [1]العمليات!B:B, A10, [1]العمليات!C:C, "إدخال") - SUMIFS([1]العمليات!G:G, [1]العمليات!B:B, A10, [1]العمليات!C:C, "إخراج") -> 564 | D10: =IF(A10="","",IFERROR(LOOKUP(2,1/(([1]العمليات!$B$2:$B$1000=A10)*([1]العمليات!$H$2:$H$1000<>"")),[1]العمليات!$H$2:$H$1000),"")) -> 1 | E10: =IF(A10="","",IFERROR(LOOKUP(2,1/(([1]العمليات!$B$2:$B$1000=A10)*([1]العمليات!$I$2:$I$1000<>"")),[1]العمليات!$I$2:$I$1000),"")) -> 4
A11: ارزا ستبل جيفينشي - نسائي | B11: 0010-W | C11: =SUMIFS([1]العمليات!G:G, [1]العمليات!B:B, A11, [1]العمليات!C:C, "إدخال") - SUMIFS([1]العمليات!G:G, [1]العمليات!B:B, A11, [1]العمليات!C:C, "إخراج") -> 2127 | D11: =IF(A11="","",IFERROR(LOOKUP(2,1/(([1]العمليات!$B$2:$B$1000=A11)*([1]العمليات!$H$2:$H$1000<>"")),[1]العمليات!$H$2:$H$1000),"")) | E11: =IF(A11="","",IFERROR(LOOKUP(2,1/(([1]العمليات!$B$2:$B$1000=A11)*([1]العمليات!$I$2:$I$1000<>"")),[1]العمليات!$I$2:$I$1000),""))
A12: ازارو كروم ليجينت - رجالي | B12: 0011-M | C12: =SUMIFS([1]العمليات!G:G, [1]العمليات!B:B, A12, [1]العمليات!C:C, "إدخال") - SUMIFS([1]العمليات!G:G, [1]العمليات!B:B, A12, [1]العمليات!C:C, "إخراج") -> 1600 | D12: =IF(A12="","",IFERROR(LOOKUP(2,1/(([1]العمليات!$B$2:$B$1000=A12)*([1]العمليات!$H$2:$H$1000<>"")),[1]العمليات!$H$2:$H$1000),"")) -> 1 | E12: =IF(A12="","",IFERROR(LOOKUP(2,1/(([1]العمليات!$B$2:$B$1000=A12)*([1]العمليات!$I$2:$I$1000<>"")),[1]العمليات!$I$2:$I$1000),"")) -> 6
A13: ازارو بورهوم - رجالي | B13: 0012-M | C13: =SUMIFS([1]العمليات!G:G, [1]العمليات!B:B, A13, [1]العمليات!C:C, "إدخال") - SUMIFS([1]العمليات!G:G, [1]العمليات!B:B, A13, [1]العمليات!C:C, "إخراج") -> 0 | D13: =IF(A13="","",IFERROR(LOOKUP(2,1/(([1]العمليات!$B$2:$B$1000=A13)*([1]العمليات!$H$2:$H$1000<>"")),[1]العمليات!$H$2:$H$1000),"")) | E13: =IF(A13="","",IFERROR(LOOKUP(2,1/(([1]العمليات!$B$2:$B$1000=A13)*([1]العمليات!$I$2:$I$1000<>"")),[1]العمليات!$I$2:$I$1000),""))
... A394: غوتشي غيلتي الكسير - رجالي | B394: 0393-M | C394: =SUMIFS([1]العمليات!G:G, [1]العمليات!B:B, A394, [1]العمليات!C:C, "إدخال") - SUMIFS([1]العمليات!G:G, [1]العمليات!B:B, A394, [1]العمليات!C:C, "إخراج") -> 0 | D394: =IF(A394="","",IFERROR(LOOKUP(2,1/(([1]العمليات!$B$2:$B$1000=A394)*([1]العمليات!$H$2:$H$1000<>"")),[1]العمليات!$H$2:$H$1000),"")) | E394: =IF(A394="","",IFERROR(LOOKUP(2,1/(([1]العمليات!$B$2:$B$1000=A394)*([1]العمليات!$I$2:$I$1000<>"")),[1]العمليات!$I$2:$I$1000),""))
